name,path,channels,sample_width,frame_rate,nframes,duration,size
Lion_1.wav,C:/Users/Admin/Desktop/Animal-Soundprepros,2,2,22050,99296,4.503219954648526,4096
Lion_10.wav,C:/Users/Admin/Desktop/Animal-Soundprepros,2,2,11025,75964,6.89015873015873,4096
Lion_11.wav,C:/Users/Admin/Desktop/Animal-Soundprepros,1,1,22000,31744,1.442909090909091,4096
Lion_12.wav,C:/Users/Admin/Desktop/Animal-Soundprepros,1,2,11025,87108,7.900952380952381,4096
Lion_13.wav,C:/Users/Admin/Desktop/Animal-Soundprepros,1,1,11025,93972,8.523537414965986,4096
Lion_14.wav,C:/Users/Admin/Desktop/Animal-Soundprepros,1,1,11025,10857,0.9847619047619047,4096
Lion_15.wav,C:/Users/Admin/Desktop/Animal-Soundprepros,1,1,11025,93972,8.523537414965986,4096
Lion_16.wav,C:/Users/Admin/Desktop/Animal-Soundprepros,1,1,11025,11520,1.0448979591836736,4096
Lion_17.wav,C:/Users/Admin/Desktop/Animal-Soundprepros,1,1,11025,10021,0.9089342403628118,4096
Lion_18.wav,C:/Users/Admin/Desktop/Animal-Soundprepros,1,2,22050,59130,2.6816326530612247,4096
Lion_19.wav,C:/Users/Admin/Desktop/Animal-Soundprepros,1,1,22254,48128,2.162667385638537,4096
Lion_2.wav,C:/Users/Admin/Desktop/Animal-Soundprepros,1,2,11025,48487,4.397913832199547,4096
Lion_20.wav,C:/Users/Admin/Desktop/Animal-Soundprepros,1,2,11025,87108,7.900952380952381,4096
Lion_21.wav,C:/Users/Admin/Desktop/Animal-Soundprepros,1,1,22050,124671,5.654013605442177,4096
Lion_22.wav,C:/Users/Admin/Desktop/Animal-Soundprepros,1,1,11025,22528,2.043356009070295,4096
Lion_23.wav,C:/Users/Admin/Desktop/Animal-Soundprepros,2,1,11025,35712,3.239183673469388,4096
Lion_24.wav,C:/Users/Admin/Desktop/Animal-Soundprepros,1,1,11025,28946,2.6254875283446713,4096
Lion_25.wav,C:/Users/Admin/Desktop/Animal-Soundprepros,2,2,22050,36417,1.65156462585034,4096
Lion_26.wav,C:/Users/Admin/Desktop/Animal-Soundprepros,1,1,22050,184486,8.36671201814059,4096
Lion_27.wav,C:/Users/Admin/Desktop/Animal-Soundprepros,1,1,22050,41138,1.8656689342403627,4096
Lion_28.wav,C:/Users/Admin/Desktop/Animal-Soundprepros,1,2,11025,108545,9.845351473922902,4096
Lion_29.wav,C:/Users/Admin/Desktop/Animal-Soundprepros,1,1,11025,19456,1.7647165532879818,4096
Lion_3.wav,C:/Users/Admin/Desktop/Animal-Soundprepros,2,2,44100,135692,3.0769160997732428,4096
Lion_30.wav,C:/Users/Admin/Desktop/Animal-Soundprepros,1,1,11127,10849,0.9750157275096611,4096
Lion_31.wav,C:/Users/Admin/Desktop/Animal-Soundprepros,2,1,11025,19584,1.7763265306122449,4096
Lion_32.wav,C:/Users/Admin/Desktop/Animal-Soundprepros,1,1,11025,13798,1.2515192743764172,4096
Lion_33.wav,C:/Users/Admin/Desktop/Animal-Soundprepros,1,1,8000,13332,1.6665,4096
Lion_34.wav,C:/Users/Admin/Desktop/Animal-Soundprepros,1,1,11025,13798,1.2515192743764172,4096
Lion_35.wav,C:/Users/Admin/Desktop/Animal-Soundprepros,1,1,11025,50177,4.551201814058957,4096
Lion_36.wav,C:/Users/Admin/Desktop/Animal-Soundprepros,2,2,48000,252928,5.269333333333333,4096
Lion_37.wav,C:/Users/Admin/Desktop/Animal-Soundprepros,2,2,48000,268288,5.589333333333333,4096
Lion_38.wav,C:/Users/Admin/Desktop/Animal-Soundprepros,2,2,48000,176128,3.6693333333333333,4096
Lion_39.wav,C:/Users/Admin/Desktop/Animal-Soundprepros,2,2,48000,219136,4.565333333333333,4096
Lion_4.wav,C:/Users/Admin/Desktop/Animal-Soundprepros,2,2,11025,12899,1.1699773242630385,4096
Lion_40.wav,C:/Users/Admin/Desktop/Animal-Soundprepros,1,2,11025,38750,3.5147392290249435,4096
Lion_41.wav,C:/Users/Admin/Desktop/Animal-Soundprepros,2,2,48000,435200,9.066666666666666,4096
Lion_42.wav,C:/Users/Admin/Desktop/Animal-Soundprepros,1,2,11025,57513,5.216598639455782,4096
Lion_43.wav,C:/Users/Admin/Desktop/Animal-Soundprepros,1,1,22050,53150,2.4104308390022675,4096
Lion_44.wav,C:/Users/Admin/Desktop/Animal-Soundprepros,1,2,11025,53992,4.897233560090703,4096
Lion_45.wav,C:/Users/Admin/Desktop/Animal-Soundprepros,2,2,11025,81433,7.386213151927437,4096
Lion_46.wav,C:/Users/Admin/Desktop/Animal-Soundprepros,1,2,11025,152834,13.86249433106576,4096
Lion_47.wav,C:/Users/Admin/Desktop/Animal-Soundprepros,2,2,11025,88672,8.04281179138322,4096
Lion_48.wav,C:/Users/Admin/Desktop/Animal-Soundprepros,1,2,11025,53992,4.897233560090703,4096
Lion_49.wav,C:/Users/Admin/Desktop/Animal-Soundprepros,1,2,11025,152834,13.86249433106576,4096
Lion_5.wav,C:/Users/Admin/Desktop/Animal-Soundprepros,1,1,11025,18203,1.6510657596371883,4096
Lion_50.wav,C:/Users/Admin/Desktop/Animal-Soundprepros,1,2,11025,57513,5.216598639455782,4096
Lion_6.wav,C:/Users/Admin/Desktop/Animal-Soundprepros,2,1,11025,78586,7.127981859410431,4096
Lion_7.wav,C:/Users/Admin/Desktop/Animal-Soundprepros,1,2,11025,42952,3.8958730158730157,4096
Lion_8.wav,C:/Users/Admin/Desktop/Animal-Soundprepros,1,2,22050,59130,2.6816326530612247,4096
Lion_9.wav,C:/Users/Admin/Desktop/Animal-Soundprepros,1,2,11025,42952,3.8958730158730157,4096
Bear_1.wav,C:/Users/Admin/Desktop/Animal-Soundprepros,1,1,8000,14718,1.83975,4096
Bear_10.wav,C:/Users/Admin/Desktop/Animal-Soundprepros,2,1,11025,17405,1.5786848072562358,4096
Bear_11.wav,C:/Users/Admin/Desktop/Animal-Soundprepros,2,1,11025,13406,1.2159637188208616,4096
Bear_12.wav,C:/Users/Admin/Desktop/Animal-Soundprepros,2,1,11025,48877,4.433287981859411,4096
Bear_13.wav,C:/Users/Admin/Desktop/Animal-Soundprepros,2,1,11025,17170,1.5573696145124716,4096
Bear_14.wav,C:/Users/Admin/Desktop/Animal-Soundprepros,2,1,11025,19992,1.8133333333333332,4096
Bear_15.wav,C:/Users/Admin/Desktop/Animal-Soundprepros,2,1,11025,19757,1.7920181405895692,4096
Bear_16.wav,C:/Users/Admin/Desktop/Animal-Soundprepros,2,1,11025,28694,2.6026303854875286,4096
Bear_17.wav,C:/Users/Admin/Desktop/Animal-Soundprepros,2,1,11025,30106,2.730702947845805,4096
Bear_18.wav,C:/Users/Admin/Desktop/Animal-Soundprepros,2,1,11025,16699,1.5146485260770974,4096
Bear_19.wav,C:/Users/Admin/Desktop/Animal-Soundprepros,2,1,11025,23050,2.090702947845805,4096
Bear_2.wav,C:/Users/Admin/Desktop/Animal-Soundprepros,2,1,11025,19522,1.770702947845805,4096
Bear_20.wav,C:/Users/Admin/Desktop/Animal-Soundprepros,2,1,11025,17170,1.5573696145124716,4096
Bear_21.wav,C:/Users/Admin/Desktop/Animal-Soundprepros,2,1,11025,17640,1.6,4096
Bear_22.wav,C:/Users/Admin/Desktop/Animal-Soundprepros,2,1,11025,18110,1.6426303854875284,4096
Bear_23.wav,C:/Users/Admin/Desktop/Animal-Soundprepros,2,1,11025,56910,5.161904761904762,4096
Bear_24.wav,C:/Users/Admin/Desktop/Animal-Soundprepros,2,1,11025,23755,2.1546485260770973,4096
Bear_25.wav,C:/Users/Admin/Desktop/Animal-Soundprepros,2,1,11025,17640,1.6,4096
Bear_26.wav,C:/Users/Admin/Desktop/Animal-Soundprepros,2,1,11025,11995,1.087981859410431,4096
Bear_27.wav,C:/Users/Admin/Desktop/Animal-Soundprepros,2,1,11025,10819,0.9813151927437642,4096
Bear_28.wav,C:/Users/Admin/Desktop/Animal-Soundprepros,2,1,11025,25872,2.3466666666666667,4096
Bear_29.wav,C:/Users/Admin/Desktop/Animal-Soundprepros,2,1,11025,20227,1.8346485260770975,4096
Bear_3.wav,C:/Users/Admin/Desktop/Animal-Soundprepros,2,1,11025,26107,2.3679818594104307,4096
Bear_30.wav,C:/Users/Admin/Desktop/Animal-Soundprepros,2,1,11025,16699,1.5146485260770974,4096
Bear_31.wav,C:/Users/Admin/Desktop/Animal-Soundprepros,2,1,11025,22344,2.026666666666667,4096
Bear_32.wav,C:/Users/Admin/Desktop/Animal-Soundprepros,2,1,11025,28459,2.581315192743764,4096
Bear_33.wav,C:/Users/Admin/Desktop/Animal-Soundprepros,2,1,11025,19051,1.7279818594104308,4096
Bear_34.wav,C:/Users/Admin/Desktop/Animal-Soundprepros,2,1,11025,56747,5.147120181405896,4096
Bear_35.wav,C:/Users/Admin/Desktop/Animal-Soundprepros,2,1,11025,22579,2.047981859410431,4096
Bear_36.wav,C:/Users/Admin/Desktop/Animal-Soundprepros,2,1,11025,24931,2.2613151927437642,4096
Bear_37.wav,C:/Users/Admin/Desktop/Animal-Soundprepros,2,1,11025,25402,2.304036281179138,4096
Bear_38.wav,C:/Users/Admin/Desktop/Animal-Soundprepros,2,1,11025,48877,4.433287981859411,4096
Bear_39.wav,C:/Users/Admin/Desktop/Animal-Soundprepros,2,1,11025,47232,4.284081632653061,4096
Bear_4.wav,C:/Users/Admin/Desktop/Animal-Soundprepros,2,1,11025,28694,2.6026303854875286,4096
Bear_40.wav,C:/Users/Admin/Desktop/Animal-Soundprepros,2,1,11025,17031,1.5447619047619048,4096
Bear_41.wav,C:/Users/Admin/Desktop/Animal-Soundprepros,2,1,11025,17626,1.5987301587301588,4096
Bear_42.wav,C:/Users/Admin/Desktop/Animal-Soundprepros,2,1,11025,34816,3.1579138321995464,4096
Bear_43.wav,C:/Users/Admin/Desktop/Animal-Soundprepros,2,1,11025,33220,3.013151927437642,4096
Bear_44.wav,C:/Users/Admin/Desktop/Animal-Soundprepros,2,1,11025,17031,1.5447619047619048,4096
Bear_45.wav,C:/Users/Admin/Desktop/Animal-Soundprepros,2,1,11025,50088,4.54312925170068,4096
Bear_46.wav,C:/Users/Admin/Desktop/Animal-Soundprepros,2,1,11025,30752,2.789297052154195,4096
Bear_47.wav,C:/Users/Admin/Desktop/Animal-Soundprepros,2,1,11025,13056,1.18421768707483,4096
Bear_48.wav,C:/Users/Admin/Desktop/Animal-Soundprepros,2,1,11025,30811,2.7946485260770975,4096
Bear_49.wav,C:/Users/Admin/Desktop/Animal-Soundprepros,2,1,11025,24461,2.2186848072562357,4096
Bear_5.wav,C:/Users/Admin/Desktop/Animal-Soundprepros,2,1,11025,24461,2.2186848072562357,4096
Bear_50.wav,C:/Users/Admin/Desktop/Animal-Soundprepros,2,1,11025,21168,1.92,4096
Bear_6.wav,C:/Users/Admin/Desktop/Animal-Soundprepros,2,1,11025,22344,2.026666666666667,4096
Bear_7.wav,C:/Users/Admin/Desktop/Animal-Soundprepros,2,1,11025,23990,2.175963718820862,4096
Bear_8.wav,C:/Users/Admin/Desktop/Animal-Soundprepros,2,1,11025,18816,1.7066666666666668,4096
Bear_9.wav,C:/Users/Admin/Desktop/Animal-Soundprepros,2,1,11025,28224,2.56,4096
Cat_1.wav,C:/Users/Admin/Desktop/Animal-Soundprepros,1,2,16000,20352,1.272,4096
Cat_10.wav,C:/Users/Admin/Desktop/Animal-Soundprepros,1,2,16000,33509,2.0943125,4096
Cat_11.wav,C:/Users/Admin/Desktop/Animal-Soundprepros,1,2,16000,24960,1.56,4096
Cat_12.wav,C:/Users/Admin/Desktop/Animal-Soundprepros,1,2,16000,30583,1.9114375,4096
Cat_13.wav,C:/Users/Admin/Desktop/Animal-Soundprepros,1,1,8000,25120,3.14,4096
Cat_14.wav,C:/Users/Admin/Desktop/Animal-Soundprepros,1,1,11025,18104,1.6420861678004535,4096
Cat_15.wav,C:/Users/Admin/Desktop/Animal-Soundprepros,1,1,22050,17409,0.7895238095238095,4096
Cat_16.wav,C:/Users/Admin/Desktop/Animal-Soundprepros,1,1,11025,18104,1.6420861678004535,4096
Cat_17.wav,C:/Users/Admin/Desktop/Animal-Soundprepros,1,1,11025,8768,0.7952834467120181,4096
Cat_18.wav,C:/Users/Admin/Desktop/Animal-Soundprepros,1,1,11025,5495,0.4984126984126984,4096
Cat_19.wav,C:/Users/Admin/Desktop/Animal-Soundprepros,1,1,22050,13353,0.605578231292517,4096
Cat_2.wav,C:/Users/Admin/Desktop/Animal-Soundprepros,1,2,16000,19227,1.2016875,4096
Cat_20.wav,C:/Users/Admin/Desktop/Animal-Soundprepros,1,1,8000,7506,0.93825,4096
Cat_21.wav,C:/Users/Admin/Desktop/Animal-Soundprepros,1,2,16000,20992,1.312,4096
Cat_22.wav,C:/Users/Admin/Desktop/Animal-Soundprepros,1,1,11025,26193,2.3757823129251703,4096
Cat_23.wav,C:/Users/Admin/Desktop/Animal-Soundprepros,1,2,16000,20352,1.272,4096
Cat_24.wav,C:/Users/Admin/Desktop/Animal-Soundprepros,1,2,8000,30311,3.788875,4096
Cat_25.wav,C:/Users/Admin/Desktop/Animal-Soundprepros,1,1,8000,31580,3.9475,4096
Cat_26.wav,C:/Users/Admin/Desktop/Animal-Soundprepros,1,2,22050,43635,1.9789115646258504,4096
Cat_27.wav,C:/Users/Admin/Desktop/Animal-Soundprepros,1,1,22050,13353,0.605578231292517,4096
Cat_28.wav,C:/Users/Admin/Desktop/Animal-Soundprepros,1,2,22050,22052,1.0000907029478459,4096
Cat_29.wav,C:/Users/Admin/Desktop/Animal-Soundprepros,1,1,8000,14106,1.76325,4096
Cat_3.wav,C:/Users/Admin/Desktop/Animal-Soundprepros,1,2,16000,16614,1.038375,4096
Cat_30.wav,C:/Users/Admin/Desktop/Animal-Soundprepros,1,1,11025,13284,1.2048979591836735,4096
Cat_31.wav,C:/Users/Admin/Desktop/Animal-Soundprepros,1,1,11025,16536,1.4998639455782312,4096
Cat_32.wav,C:/Users/Admin/Desktop/Animal-Soundprepros,1,1,11025,19437,1.7629931972789115,4096
Cat_33.wav,C:/Users/Admin/Desktop/Animal-Soundprepros,1,2,22050,52890,2.398639455782313,4096
Cat_34.wav,C:/Users/Admin/Desktop/Animal-Soundprepros,1,2,16000,32192,2.012,4096
Cat_35.wav,C:/Users/Admin/Desktop/Animal-Soundprepros,1,1,22050,19328,0.8765532879818594,4096
Cat_36.wav,C:/Users/Admin/Desktop/Animal-Soundprepros,1,1,22050,32014,1.4518820861678003,4096
Cat_37.wav,C:/Users/Admin/Desktop/Animal-Soundprepros,1,1,22050,17795,0.8070294784580498,4096
Cat_38.wav,C:/Users/Admin/Desktop/Animal-Soundprepros,1,2,16000,18952,1.1845,4096
Cat_39.wav,C:/Users/Admin/Desktop/Animal-Soundprepros,1,2,16000,17352,1.0845,4096
Cat_4.wav,C:/Users/Admin/Desktop/Animal-Soundprepros,1,2,16000,19867,1.2416875,4096
Cat_40.wav,C:/Users/Admin/Desktop/Animal-Soundprepros,1,2,16000,14773,0.9233125,4096
Cat_41.wav,C:/Users/Admin/Desktop/Animal-Soundprepros,1,2,16000,18463,1.1539375,4096
Cat_42.wav,C:/Users/Admin/Desktop/Animal-Soundprepros,1,2,16000,15752,0.9845,4096
Cat_43.wav,C:/Users/Admin/Desktop/Animal-Soundprepros,1,2,16000,17408,1.088,4096
Cat_44.wav,C:/Users/Admin/Desktop/Animal-Soundprepros,1,2,16000,15680,0.98,4096
Cat_45.wav,C:/Users/Admin/Desktop/Animal-Soundprepros,1,2,16000,17280,1.08,4096
Cat_46.wav,C:/Users/Admin/Desktop/Animal-Soundprepros,1,2,16000,17973,1.1233125,4096
Cat_47.wav,C:/Users/Admin/Desktop/Animal-Soundprepros,1,2,16000,19968,1.248,4096
Cat_48.wav,C:/Users/Admin/Desktop/Animal-Soundprepros,1,2,16000,25344,1.584,4096
Cat_49.wav,C:/Users/Admin/Desktop/Animal-Soundprepros,1,2,16000,22152,1.3845,4096
Cat_5.wav,C:/Users/Admin/Desktop/Animal-Soundprepros,1,2,16000,15067,0.9416875,4096
Cat_50.wav,C:/Users/Admin/Desktop/Animal-Soundprepros,1,2,16000,20063,1.2539375,4096
Cat_6.wav,C:/Users/Admin/Desktop/Animal-Soundprepros,1,2,16000,15067,0.9416875,4096
Cat_7.wav,C:/Users/Admin/Desktop/Animal-Soundprepros,1,2,16000,15067,0.9416875,4096
Cat_8.wav,C:/Users/Admin/Desktop/Animal-Soundprepros,1,2,16000,33728,2.108,4096
Cat_9.wav,C:/Users/Admin/Desktop/Animal-Soundprepros,1,2,16000,31104,1.944,4096
Chicken_1.wav,C:/Users/Admin/Desktop/Animal-Soundprepros,1,1,11025,12941,1.1737868480725624,4096
Chicken_10.wav,C:/Users/Admin/Desktop/Animal-Soundprepros,1,1,11025,7467,0.6772789115646258,4096
Chicken_11.wav,C:/Users/Admin/Desktop/Animal-Soundprepros,1,1,11127,24064,2.162667385638537,4096
Chicken_12.wav,C:/Users/Admin/Desktop/Animal-Soundprepros,1,1,22050,21170,0.9600907029478458,4096
Chicken_13.wav,C:/Users/Admin/Desktop/Animal-Soundprepros,1,1,11025,7467,0.6772789115646258,4096
Chicken_14.wav,C:/Users/Admin/Desktop/Animal-Soundprepros,1,1,11025,21146,1.9180045351473922,4096
Chicken_15.wav,C:/Users/Admin/Desktop/Animal-Soundprepros,1,1,8000,5420,0.6775,4096
Chicken_16.wav,C:/Users/Admin/Desktop/Animal-Soundprepros,1,1,8000,6944,0.868,4096
Chicken_17.wav,C:/Users/Admin/Desktop/Animal-Soundprepros,1,1,22000,5632,0.256,4096
Chicken_18.wav,C:/Users/Admin/Desktop/Animal-Soundprepros,2,1,11025,84516,7.665850340136054,4096
Chicken_19.wav,C:/Users/Admin/Desktop/Animal-Soundprepros,1,1,44100,39154,0.8878458049886622,4096
Chicken_2.wav,C:/Users/Admin/Desktop/Animal-Soundprepros,1,1,11025,3940,0.3573696145124717,4096
Chicken_20.wav,C:/Users/Admin/Desktop/Animal-Soundprepros,1,1,11025,12793,1.1603628117913831,4096
Chicken_21.wav,C:/Users/Admin/Desktop/Animal-Soundprepros,1,1,22050,36737,1.666077097505669,4096
Chicken_22.wav,C:/Users/Admin/Desktop/Animal-Soundprepros,1,1,11025,9614,0.8720181405895692,4096
Chicken_23.wav,C:/Users/Admin/Desktop/Animal-Soundprepros,2,1,11025,22227,2.0160544217687075,4096
Chicken_24.wav,C:/Users/Admin/Desktop/Animal-Soundprepros,1,1,8000,3993,0.499125,4096
Chicken_25.wav,C:/Users/Admin/Desktop/Animal-Soundprepros,1,1,11025,7467,0.6772789115646258,4096
Chicken_26.wav,C:/Users/Admin/Desktop/Animal-Soundprepros,1,1,11000,24020,2.1836363636363636,4096
Chicken_27.wav,C:/Users/Admin/Desktop/Animal-Soundprepros,2,1,11025,20864,1.8924263038548752,4096
Chicken_28.wav,C:/Users/Admin/Desktop/Animal-Soundprepros,2,1,11025,36736,3.332063492063492,4096
Chicken_29.wav,C:/Users/Admin/Desktop/Animal-Soundprepros,2,1,11025,287136,26.04408163265306,4096
Chicken_3.wav,C:/Users/Admin/Desktop/Animal-Soundprepros,1,1,11025,10008,0.9077551020408163,4096
Chicken_30.wav,C:/Users/Admin/Desktop/Animal-Soundprepros,2,1,11025,107392,9.740770975056689,4096
Chicken_31.wav,C:/Users/Admin/Desktop/Animal-Soundprepros,2,1,16000,868687,54.2929375,4096
Chicken_32.wav,C:/Users/Admin/Desktop/Animal-Soundprepros,1,2,11025,23785,2.1573696145124717,4096
Chicken_33.wav,C:/Users/Admin/Desktop/Animal-Soundprepros,1,2,8000,6946,0.86825,4096
Chicken_34.wav,C:/Users/Admin/Desktop/Animal-Soundprepros,1,1,22050,71411,3.23859410430839,4096
Chicken_35.wav,C:/Users/Admin/Desktop/Animal-Soundprepros,1,1,22050,43990,1.9950113378684806,4096
Chicken_36.wav,C:/Users/Admin/Desktop/Animal-Soundprepros,1,1,22000,14205,0.6456818181818181,4096
Chicken_37.wav,C:/Users/Admin/Desktop/Animal-Soundprepros,2,1,11025,96272,8.732154195011338,4096
Chicken_38.wav,C:/Users/Admin/Desktop/Animal-Soundprepros,1,1,8000,5420,0.6775,4096
Chicken_39.wav,C:/Users/Admin/Desktop/Animal-Soundprepros,1,2,8000,6946,0.86825,4096
Chicken_4.wav,C:/Users/Admin/Desktop/Animal-Soundprepros,2,1,11025,71883,6.52,4096
Chicken_40.wav,C:/Users/Admin/Desktop/Animal-Soundprepros,1,1,22050,6241,0.28303854875283446,4096
Chicken_41.wav,C:/Users/Admin/Desktop/Animal-Soundprepros,1,1,8000,24283,3.035375,4096
Chicken_42.wav,C:/Users/Admin/Desktop/Animal-Soundprepros,1,1,22050,71411,3.23859410430839,4096
Chicken_43.wav,C:/Users/Admin/Desktop/Animal-Soundprepros,1,1,22000,14205,0.6456818181818181,4096
Chicken_44.wav,C:/Users/Admin/Desktop/Animal-Soundprepros,1,1,22050,42413,1.9234920634920636,4096
Chicken_45.wav,C:/Users/Admin/Desktop/Animal-Soundprepros,2,1,11025,88200,8.0,4096
Chicken_46.wav,C:/Users/Admin/Desktop/Animal-Soundprepros,1,1,22050,16940,0.7682539682539683,4096
Chicken_47.wav,C:/Users/Admin/Desktop/Animal-Soundprepros,1,1,11025,13360,1.2117913832199547,4096
Chicken_48.wav,C:/Users/Admin/Desktop/Animal-Soundprepros,1,1,11025,12941,1.1737868480725624,4096
Chicken_49.wav,C:/Users/Admin/Desktop/Animal-Soundprepros,2,1,11025,229246,20.79328798185941,4096
Chicken_5.wav,C:/Users/Admin/Desktop/Animal-Soundprepros,1,1,11025,10008,0.9077551020408163,4096
Chicken_50.wav,C:/Users/Admin/Desktop/Animal-Soundprepros,1,1,22050,39014,1.769342403628118,4096
Chicken_6.wav,C:/Users/Admin/Desktop/Animal-Soundprepros,1,1,22050,40014,1.8146938775510204,4096
Chicken_7.wav,C:/Users/Admin/Desktop/Animal-Soundprepros,1,1,22050,24064,1.0913378684807256,4096
Chicken_8.wav,C:/Users/Admin/Desktop/Animal-Soundprepros,1,1,22050,16940,0.7682539682539683,4096
Chicken_9.wav,C:/Users/Admin/Desktop/Animal-Soundprepros,1,1,22050,71411,3.23859410430839,4096
Cow_1.wav,C:/Users/Admin/Desktop/Animal-Soundprepros,1,1,11025,13856,1.256780045351474,4096
Cow_10.wav,C:/Users/Admin/Desktop/Animal-Soundprepros,1,1,11025,18751,1.7007709750566893,4096
Cow_11.wav,C:/Users/Admin/Desktop/Animal-Soundprepros,1,2,11025,8463,0.7676190476190476,4096
Cow_12.wav,C:/Users/Admin/Desktop/Animal-Soundprepros,1,1,22050,35104,1.5920181405895693,4096
Cow_13.wav,C:/Users/Admin/Desktop/Animal-Soundprepros,1,1,11025,23273,2.1109297052154194,4096
Cow_14.wav,C:/Users/Admin/Desktop/Animal-Soundprepros,1,1,11025,11049,1.0021768707482994,4096
Cow_15.wav,C:/Users/Admin/Desktop/Animal-Soundprepros,1,1,22050,42943,1.9475283446712017,4096
Cow_16.wav,C:/Users/Admin/Desktop/Animal-Soundprepros,1,1,11025,17269,1.5663492063492064,4096
Cow_17.wav,C:/Users/Admin/Desktop/Animal-Soundprepros,1,1,22050,35561,1.6127437641723357,4096
Cow_18.wav,C:/Users/Admin/Desktop/Animal-Soundprepros,1,1,44100,113490,2.573469387755102,4096
Cow_19.wav,C:/Users/Admin/Desktop/Animal-Soundprepros,1,2,8000,18921,2.365125,4096
Cow_2.wav,C:/Users/Admin/Desktop/Animal-Soundprepros,1,1,22050,28288,1.2829024943310658,4096
Cow_20.wav,C:/Users/Admin/Desktop/Animal-Soundprepros,1,2,8000,16432,2.054,4096
Cow_21.wav,C:/Users/Admin/Desktop/Animal-Soundprepros,1,1,22255,45568,2.0475398786789487,4096
Cow_22.wav,C:/Users/Admin/Desktop/Animal-Soundprepros,1,1,22050,25331,1.148798185941043,4096
Cow_23.wav,C:/Users/Admin/Desktop/Animal-Soundprepros,1,2,8000,12574,1.57175,4096
Cow_24.wav,C:/Users/Admin/Desktop/Animal-Soundprepros,1,1,11025,49302,4.471836734693878,4096
Cow_25.wav,C:/Users/Admin/Desktop/Animal-Soundprepros,1,1,8000,15705,1.963125,4096
Cow_26.wav,C:/Users/Admin/Desktop/Animal-Soundprepros,1,1,11025,17958,1.628843537414966,4096
Cow_27.wav,C:/Users/Admin/Desktop/Animal-Soundprepros,1,2,8000,10758,1.34475,4096
Cow_28.wav,C:/Users/Admin/Desktop/Animal-Soundprepros,1,2,8000,15996,1.9995,4096
Cow_29.wav,C:/Users/Admin/Desktop/Animal-Soundprepros,1,1,22050,38577,1.7495238095238095,4096
Cow_3.wav,C:/Users/Admin/Desktop/Animal-Soundprepros,1,1,11025,21633,1.9621768707482994,4096
Cow_30.wav,C:/Users/Admin/Desktop/Animal-Soundprepros,1,1,11025,16374,1.4851700680272109,4096
Cow_31.wav,C:/Users/Admin/Desktop/Animal-Soundprepros,1,1,22050,30249,1.3718367346938776,4096
Cow_32.wav,C:/Users/Admin/Desktop/Animal-Soundprepros,1,1,8000,37131,4.641375,4096
Cow_33.wav,C:/Users/Admin/Desktop/Animal-Soundprepros,1,1,8000,16888,2.111,4096
Cow_34.wav,C:/Users/Admin/Desktop/Animal-Soundprepros,1,1,22050,39040,1.7705215419501135,4096
Cow_35.wav,C:/Users/Admin/Desktop/Animal-Soundprepros,1,1,11025,23009,2.086984126984127,4096
Cow_36.wav,C:/Users/Admin/Desktop/Animal-Soundprepros,1,2,8000,18301,2.287625,4096
Cow_37.wav,C:/Users/Admin/Desktop/Animal-Soundprepros,1,2,11025,8463,0.7676190476190476,4096
Cow_38.wav,C:/Users/Admin/Desktop/Animal-Soundprepros,1,1,8000,12799,1.599875,4096
Cow_39.wav,C:/Users/Admin/Desktop/Animal-Soundprepros,2,2,16000,30964,1.93525,4096
Cow_4.wav,C:/Users/Admin/Desktop/Animal-Soundprepros,1,1,11025,23009,2.086984126984127,4096
Cow_40.wav,C:/Users/Admin/Desktop/Animal-Soundprepros,1,1,22050,50828,2.305124716553288,4096
Cow_41.wav,C:/Users/Admin/Desktop/Animal-Soundprepros,1,1,22050,37312,1.692154195011338,4096
Cow_42.wav,C:/Users/Admin/Desktop/Animal-Soundprepros,1,1,22050,37312,1.692154195011338,4096
Cow_43.wav,C:/Users/Admin/Desktop/Animal-Soundprepros,1,1,22050,34048,1.5441269841269842,4096
Cow_44.wav,C:/Users/Admin/Desktop/Animal-Soundprepros,1,1,22050,28928,1.3119274376417234,4096
Cow_45.wav,C:/Users/Admin/Desktop/Animal-Soundprepros,1,1,11025,16206,1.4699319727891156,4096
Cow_46.wav,C:/Users/Admin/Desktop/Animal-Soundprepros,1,2,8000,18301,2.287625,4096
Cow_47.wav,C:/Users/Admin/Desktop/Animal-Soundprepros,1,2,8000,13132,1.6415,4096
Cow_48.wav,C:/Users/Admin/Desktop/Animal-Soundprepros,1,1,22050,49076,2.2256689342403626,4096
Cow_49.wav,C:/Users/Admin/Desktop/Animal-Soundprepros,1,2,8012,11914,1.4870194707938094,4096
Cow_5.wav,C:/Users/Admin/Desktop/Animal-Soundprepros,1,1,22050,45094,2.0450793650793653,4096
Cow_50.wav,C:/Users/Admin/Desktop/Animal-Soundprepros,1,2,8000,36779,4.597375,4096
Cow_6.wav,C:/Users/Admin/Desktop/Animal-Soundprepros,1,1,11025,24616,2.2327437641723358,4096
Cow_7.wav,C:/Users/Admin/Desktop/Animal-Soundprepros,1,1,11025,22912,2.078185941043084,4096
Cow_8.wav,C:/Users/Admin/Desktop/Animal-Soundprepros,2,2,11025,17494,1.5867573696145125,4096
Cow_9.wav,C:/Users/Admin/Desktop/Animal-Soundprepros,1,1,11025,51215,4.6453514739229025,4096
Dog_1.wav,C:/Users/Admin/Desktop/Animal-Soundprepros,1,2,16000,39915,2.4946875,4096
Dog_10.wav,C:/Users/Admin/Desktop/Animal-Soundprepros,1,1,11025,16239,1.4729251700680273,4096
Dog_11.wav,C:/Users/Admin/Desktop/Animal-Soundprepros,1,1,22050,25636,1.1626303854875284,4096
Dog_12.wav,C:/Users/Admin/Desktop/Animal-Soundprepros,1,2,16000,29665,1.8540625,4096
Dog_13.wav,C:/Users/Admin/Desktop/Animal-Soundprepros,1,1,11025,6650,0.6031746031746031,4096
Dog_14.wav,C:/Users/Admin/Desktop/Animal-Soundprepros,1,1,22050,13301,0.6032199546485261,4096
Dog_15.wav,C:/Users/Admin/Desktop/Animal-Soundprepros,1,1,22050,67181,3.0467573696145123,4096
Dog_16.wav,C:/Users/Admin/Desktop/Animal-Soundprepros,1,1,22050,53068,2.4067120181405897,4096
Dog_17.wav,C:/Users/Admin/Desktop/Animal-Soundprepros,1,1,22000,39936,1.8152727272727274,4096
Dog_18.wav,C:/Users/Admin/Desktop/Animal-Soundprepros,1,1,11025,3577,0.3244444444444444,4096
Dog_19.wav,C:/Users/Admin/Desktop/Animal-Soundprepros,1,1,22050,17752,0.8050793650793651,4096
Dog_2.wav,C:/Users/Admin/Desktop/Animal-Soundprepros,1,1,11025,15602,1.4151473922902493,4096
Dog_20.wav,C:/Users/Admin/Desktop/Animal-Soundprepros,1,2,16000,34994,2.187125,4096
Dog_21.wav,C:/Users/Admin/Desktop/Animal-Soundprepros,1,2,11025,8308,0.7535600907029478,4096
Dog_22.wav,C:/Users/Admin/Desktop/Animal-Soundprepros,1,1,22050,5884,0.26684807256235826,4096
Dog_23.wav,C:/Users/Admin/Desktop/Animal-Soundprepros,1,2,16000,34599,2.1624375,4096
Dog_24.wav,C:/Users/Admin/Desktop/Animal-Soundprepros,1,1,11025,6644,0.6026303854875283,4096
Dog_25.wav,C:/Users/Admin/Desktop/Animal-Soundprepros,1,1,11025,8576,0.7778684807256235,4096
Dog_26.wav,C:/Users/Admin/Desktop/Animal-Soundprepros,1,1,11025,14896,1.3511111111111112,4096
Dog_27.wav,C:/Users/Admin/Desktop/Animal-Soundprepros,1,2,11025,44478,4.034285714285715,4096
Dog_28.wav,C:/Users/Admin/Desktop/Animal-Soundprepros,1,2,11025,28657,2.5992743764172337,4096
Dog_29.wav,C:/Users/Admin/Desktop/Animal-Soundprepros,1,2,16000,31574,1.973375,4096
Dog_3.wav,C:/Users/Admin/Desktop/Animal-Soundprepros,1,1,22050,20713,0.9393650793650794,4096
Dog_30.wav,C:/Users/Admin/Desktop/Animal-Soundprepros,1,2,16000,34391,2.1494375,4096
Dog_31.wav,C:/Users/Admin/Desktop/Animal-Soundprepros,1,2,16000,30824,1.9265,4096
Dog_32.wav,C:/Users/Admin/Desktop/Animal-Soundprepros,1,2,16000,35924,2.24525,4096
Dog_33.wav,C:/Users/Admin/Desktop/Animal-Soundprepros,1,2,16000,37037,2.3148125,4096
Dog_34.wav,C:/Users/Admin/Desktop/Animal-Soundprepros,1,2,16000,21144,1.3215,4096
Dog_35.wav,C:/Users/Admin/Desktop/Animal-Soundprepros,1,2,16000,36044,2.25275,4096
Dog_36.wav,C:/Users/Admin/Desktop/Animal-Soundprepros,1,2,16000,30038,1.877375,4096
Dog_37.wav,C:/Users/Admin/Desktop/Animal-Soundprepros,1,2,16000,31774,1.985875,4096
Dog_38.wav,C:/Users/Admin/Desktop/Animal-Soundprepros,1,2,16000,16251,1.0156875,4096
Dog_39.wav,C:/Users/Admin/Desktop/Animal-Soundprepros,1,2,16000,37317,2.3323125,4096
Dog_4.wav,C:/Users/Admin/Desktop/Animal-Soundprepros,1,1,22050,13301,0.6032199546485261,4096
Dog_40.wav,C:/Users/Admin/Desktop/Animal-Soundprepros,1,2,16000,30866,1.929125,4096
Dog_41.wav,C:/Users/Admin/Desktop/Animal-Soundprepros,1,2,16000,30764,1.92275,4096
Dog_42.wav,C:/Users/Admin/Desktop/Animal-Soundprepros,1,2,16000,27726,1.732875,4096
Dog_43.wav,C:/Users/Admin/Desktop/Animal-Soundprepros,1,2,16000,25423,1.5889375,4096
Dog_44.wav,C:/Users/Admin/Desktop/Animal-Soundprepros,1,2,16000,28219,1.7636875,4096
Dog_45.wav,C:/Users/Admin/Desktop/Animal-Soundprepros,1,2,16000,33600,2.1,4096
Dog_46.wav,C:/Users/Admin/Desktop/Animal-Soundprepros,1,2,16000,33331,2.0831875,4096
Dog_47.wav,C:/Users/Admin/Desktop/Animal-Soundprepros,1,1,11025,3072,0.2786394557823129,4096
Dog_48.wav,C:/Users/Admin/Desktop/Animal-Soundprepros,1,1,22050,23740,1.0766439909297052,4096
Dog_49.wav,C:/Users/Admin/Desktop/Animal-Soundprepros,1,1,8000,2366,0.29575,4096
Dog_5.wav,C:/Users/Admin/Desktop/Animal-Soundprepros,1,2,11025,31438,2.8515192743764173,4096
Dog_50.wav,C:/Users/Admin/Desktop/Animal-Soundprepros,1,1,11025,8096,0.7343310657596371,4096
Dog_6.wav,C:/Users/Admin/Desktop/Animal-Soundprepros,1,1,22050,35107,1.5921541950113378,4096
Dog_7.wav,C:/Users/Admin/Desktop/Animal-Soundprepros,1,2,11025,13407,1.2160544217687075,4096
Dog_8.wav,C:/Users/Admin/Desktop/Animal-Soundprepros,1,2,11025,5926,0.5375056689342403,4096
Dog_9.wav,C:/Users/Admin/Desktop/Animal-Soundprepros,1,1,11025,16239,1.4729251700680273,4096
Dolphin_1.wav,C:/Users/Admin/Desktop/Animal-Soundprepros,2,1,11025,30684,2.7831292517006805,4096
Dolphin_10.wav,C:/Users/Admin/Desktop/Animal-Soundprepros,2,1,11025,29400,2.6666666666666665,4096
Dolphin_11.wav,C:/Users/Admin/Desktop/Animal-Soundprepros,2,1,11025,22579,2.047981859410431,4096
Dolphin_12.wav,C:/Users/Admin/Desktop/Animal-Soundprepros,2,1,11025,18876,1.712108843537415,4096
Dolphin_13.wav,C:/Users/Admin/Desktop/Animal-Soundprepros,2,1,11025,17170,1.5573696145124716,4096
Dolphin_14.wav,C:/Users/Admin/Desktop/Animal-Soundprepros,2,1,11025,27989,2.538684807256236,4096
Dolphin_15.wav,C:/Users/Admin/Desktop/Animal-Soundprepros,2,1,11025,18346,1.6640362811791383,4096
Dolphin_16.wav,C:/Users/Admin/Desktop/Animal-Soundprepros,2,1,11025,17875,1.6213151927437641,4096
Dolphin_17.wav,C:/Users/Admin/Desktop/Animal-Soundprepros,2,1,11025,17405,1.5786848072562358,4096
Dolphin_18.wav,C:/Users/Admin/Desktop/Animal-Soundprepros,2,1,11025,14583,1.3227210884353742,4096
Dolphin_19.wav,C:/Users/Admin/Desktop/Animal-Soundprepros,2,1,11025,18111,1.6427210884353742,4096
Dolphin_2.wav,C:/Users/Admin/Desktop/Animal-Soundprepros,2,1,11025,13171,1.1946485260770976,4096
Dolphin_20.wav,C:/Users/Admin/Desktop/Animal-Soundprepros,2,1,11025,14976,1.3583673469387756,4096
Dolphin_21.wav,C:/Users/Admin/Desktop/Animal-Soundprepros,2,1,11025,34575,3.1360544217687076,4096
Dolphin_22.wav,C:/Users/Admin/Desktop/Animal-Soundprepros,2,1,11025,12608,1.1435827664399092,4096
Dolphin_23.wav,C:/Users/Admin/Desktop/Animal-Soundprepros,2,1,11025,15744,1.4280272108843537,4096
Dolphin_24.wav,C:/Users/Admin/Desktop/Animal-Soundprepros,2,1,11025,28807,2.6128798185941045,4096
Dolphin_25.wav,C:/Users/Admin/Desktop/Animal-Soundprepros,2,1,11025,20785,1.8852607709750566,4096
Dolphin_26.wav,C:/Users/Admin/Desktop/Animal-Soundprepros,2,1,11025,11055,1.002721088435374,4096
Dolphin_27.wav,C:/Users/Admin/Desktop/Animal-Soundprepros,2,1,11025,18111,1.6427210884353742,4096
Dolphin_28.wav,C:/Users/Admin/Desktop/Animal-Soundprepros,2,1,11025,23520,2.1333333333333333,4096
Dolphin_29.wav,C:/Users/Admin/Desktop/Animal-Soundprepros,2,1,11025,18111,1.6427210884353742,4096
Dolphin_3.wav,C:/Users/Admin/Desktop/Animal-Soundprepros,2,1,11025,15053,1.3653514739229025,4096
Dolphin_30.wav,C:/Users/Admin/Desktop/Animal-Soundprepros,2,1,11025,11055,1.002721088435374,4096
Dolphin_31.wav,C:/Users/Admin/Desktop/Animal-Soundprepros,2,1,11025,15759,1.4293877551020409,4096
Dolphin_32.wav,C:/Users/Admin/Desktop/Animal-Soundprepros,2,1,11025,13171,1.1946485260770976,4096
Dolphin_33.wav,C:/Users/Admin/Desktop/Animal-Soundprepros,2,1,11025,15288,1.3866666666666667,4096
Dolphin_34.wav,C:/Users/Admin/Desktop/Animal-Soundprepros,2,1,11025,32664,2.9627210884353743,4096
Dolphin_35.wav,C:/Users/Admin/Desktop/Animal-Soundprepros,2,1,11025,11055,1.002721088435374,4096
Dolphin_36.wav,C:/Users/Admin/Desktop/Animal-Soundprepros,2,1,11025,22815,2.0693877551020408,4096
Dolphin_37.wav,C:/Users/Admin/Desktop/Animal-Soundprepros,2,1,11025,18581,1.6853514739229025,4096
Dolphin_38.wav,C:/Users/Admin/Desktop/Animal-Soundprepros,2,1,11025,30341,2.752018140589569,4096
Dolphin_39.wav,C:/Users/Admin/Desktop/Animal-Soundprepros,2,1,11025,14818,1.3440362811791384,4096
Dolphin_4.wav,C:/Users/Admin/Desktop/Animal-Soundprepros,2,1,11025,16699,1.5146485260770974,4096
Dolphin_40.wav,C:/Users/Admin/Desktop/Animal-Soundprepros,2,1,11025,21638,1.9626303854875284,4096
Dolphin_41.wav,C:/Users/Admin/Desktop/Animal-Soundprepros,2,1,11025,19051,1.7279818594104308,4096
Dolphin_42.wav,C:/Users/Admin/Desktop/Animal-Soundprepros,2,1,11025,22344,2.026666666666667,4096
Dolphin_43.wav,C:/Users/Admin/Desktop/Animal-Soundprepros,2,1,11025,21403,1.9413151927437642,4096
Dolphin_44.wav,C:/Users/Admin/Desktop/Animal-Soundprepros,2,1,11025,20227,1.8346485260770975,4096
Dolphin_45.wav,C:/Users/Admin/Desktop/Animal-Soundprepros,2,1,11025,18816,1.7066666666666668,4096
Dolphin_46.wav,C:/Users/Admin/Desktop/Animal-Soundprepros,2,1,11025,21638,1.9626303854875284,4096
Dolphin_47.wav,C:/Users/Admin/Desktop/Animal-Soundprepros,2,1,11025,19052,1.7280725623582767,4096
Dolphin_48.wav,C:/Users/Admin/Desktop/Animal-Soundprepros,2,1,11025,78848,7.151746031746032,4096
Dolphin_49.wav,C:/Users/Admin/Desktop/Animal-Soundprepros,2,1,11025,8640,0.7836734693877551,4096
Dolphin_5.wav,C:/Users/Admin/Desktop/Animal-Soundprepros,2,1,11025,16229,1.4720181405895691,4096
Dolphin_50.wav,C:/Users/Admin/Desktop/Animal-Soundprepros,2,1,11025,15719,1.4257596371882086,4096
Dolphin_6.wav,C:/Users/Admin/Desktop/Animal-Soundprepros,2,1,11025,20227,1.8346485260770975,4096
Dolphin_7.wav,C:/Users/Admin/Desktop/Animal-Soundprepros,2,1,11025,14347,1.3013151927437643,4096
Dolphin_8.wav,C:/Users/Admin/Desktop/Animal-Soundprepros,2,1,11025,16699,1.5146485260770974,4096
Dolphin_9.wav,C:/Users/Admin/Desktop/Animal-Soundprepros,2,1,11025,19522,1.770702947845805,4096
Donkey_1.wav,C:/Users/Admin/Desktop/Animal-Soundprepros,2,1,11025,114913,10.42294784580499,4096
Donkey_10.wav,C:/Users/Admin/Desktop/Animal-Soundprepros,2,1,11025,66959,6.073378684807256,4096
Donkey_11.wav,C:/Users/Admin/Desktop/Animal-Soundprepros,1,1,11025,35316,3.203265306122449,4096
Donkey_12.wav,C:/Users/Admin/Desktop/Animal-Soundprepros,2,1,11025,57153,5.183945578231293,4096
Donkey_13.wav,C:/Users/Admin/Desktop/Animal-Soundprepros,1,1,11025,17935,1.6267573696145126,4096
Donkey_14.wav,C:/Users/Admin/Desktop/Animal-Soundprepros,1,1,11025,17935,1.6267573696145126,4096
Donkey_15.wav,C:/Users/Admin/Desktop/Animal-Soundprepros,1,1,11025,26075,2.365079365079365,4096
Donkey_16.wav,C:/Users/Admin/Desktop/Animal-Soundprepros,2,1,11025,70560,6.4,4096
Donkey_17.wav,C:/Users/Admin/Desktop/Animal-Soundprepros,1,1,11025,26075,2.365079365079365,4096
Donkey_18.wav,C:/Users/Admin/Desktop/Animal-Soundprepros,1,1,8000,10708,1.3385,4096
Donkey_19.wav,C:/Users/Admin/Desktop/Animal-Soundprepros,2,1,11025,28800,2.6122448979591835,4096
Donkey_2.wav,C:/Users/Admin/Desktop/Animal-Soundprepros,2,1,11025,28800,2.6122448979591835,4096
Donkey_20.wav,C:/Users/Admin/Desktop/Animal-Soundprepros,1,2,11025,26076,2.365170068027211,4096
Donkey_21.wav,C:/Users/Admin/Desktop/Animal-Soundprepros,2,1,11025,161260,14.626757369614513,4096
Donkey_22.wav,C:/Users/Admin/Desktop/Animal-Soundprepros,1,1,11025,17935,1.6267573696145126,4096
Donkey_23.wav,C:/Users/Admin/Desktop/Animal-Soundprepros,1,1,8000,18922,2.36525,4096
Donkey_24.wav,C:/Users/Admin/Desktop/Animal-Soundprepros,1,2,11025,8383,0.7603628117913832,4096
Donkey_25.wav,C:/Users/Admin/Desktop/Animal-Soundprepros,1,2,8000,10710,1.33875,4096
Donkey_26.wav,C:/Users/Admin/Desktop/Animal-Soundprepros,1,1,11127,30099,2.705041790239957,4096
Donkey_27.wav,C:/Users/Admin/Desktop/Animal-Soundprepros,1,1,8000,18922,2.36525,4096
Donkey_28.wav,C:/Users/Admin/Desktop/Animal-Soundprepros,2,1,11025,138816,12.591020408163265,4096
Donkey_29.wav,C:/Users/Admin/Desktop/Animal-Soundprepros,2,1,11025,25344,2.2987755102040817,4096
Donkey_3.wav,C:/Users/Admin/Desktop/Animal-Soundprepros,1,1,22050,30099,1.3650340136054422,4096
Donkey_30.wav,C:/Users/Admin/Desktop/Animal-Soundprepros,1,1,11025,14756,1.3384126984126985,4096
Donkey_31.wav,C:/Users/Admin/Desktop/Animal-Soundprepros,1,1,11025,26075,2.365079365079365,4096
Donkey_32.wav,C:/Users/Admin/Desktop/Animal-Soundprepros,1,1,8000,18418,2.30225,4096
Donkey_33.wav,C:/Users/Admin/Desktop/Animal-Soundprepros,2,1,11025,28800,2.6122448979591835,4096
Donkey_34.wav,C:/Users/Admin/Desktop/Animal-Soundprepros,1,2,8000,10710,1.33875,4096
Donkey_35.wav,C:/Users/Admin/Desktop/Animal-Soundprepros,2,1,11025,81144,7.36,4096
Donkey_36.wav,C:/Users/Admin/Desktop/Animal-Soundprepros,1,1,11025,23434,2.125532879818594,4096
Donkey_37.wav,C:/Users/Admin/Desktop/Animal-Soundprepros,2,1,11025,203906,18.494875283446714,4096
Donkey_38.wav,C:/Users/Admin/Desktop/Animal-Soundprepros,2,1,11025,189337,17.17342403628118,4096
Donkey_39.wav,C:/Users/Admin/Desktop/Animal-Soundprepros,2,1,11025,110250,10.0,4096
Donkey_4.wav,C:/Users/Admin/Desktop/Animal-Soundprepros,2,1,11025,29165,2.6453514739229025,4096
Donkey_40.wav,C:/Users/Admin/Desktop/Animal-Soundprepros,2,1,11025,55743,5.056054421768708,4096
Donkey_41.wav,C:/Users/Admin/Desktop/Animal-Soundprepros,2,1,11025,19581,1.7760544217687075,4096
Donkey_42.wav,C:/Users/Admin/Desktop/Animal-Soundprepros,2,1,11025,55272,5.013333333333334,4096
Donkey_43.wav,C:/Users/Admin/Desktop/Animal-Soundprepros,2,1,11025,67972,6.165260770975057,4096
Donkey_44.wav,C:/Users/Admin/Desktop/Animal-Soundprepros,2,1,11025,87024,7.8933333333333335,4096
Donkey_45.wav,C:/Users/Admin/Desktop/Animal-Soundprepros,1,1,22050,30099,1.3650340136054422,4096
Donkey_46.wav,C:/Users/Admin/Desktop/Animal-Soundprepros,2,1,11025,63974,5.802630385487529,4096
Donkey_47.wav,C:/Users/Admin/Desktop/Animal-Soundprepros,2,1,11025,12060,1.0938775510204082,4096
Donkey_48.wav,C:/Users/Admin/Desktop/Animal-Soundprepros,1,1,22050,70655,3.2043083900226756,4096
Donkey_49.wav,C:/Users/Admin/Desktop/Animal-Soundprepros,1,1,11025,17935,1.6267573696145126,4096
Donkey_5.wav,C:/Users/Admin/Desktop/Animal-Soundprepros,2,1,11025,24873,2.2560544217687073,4096
Donkey_50.wav,C:/Users/Admin/Desktop/Animal-Soundprepros,1,1,11025,26075,2.365079365079365,4096
Donkey_6.wav,C:/Users/Admin/Desktop/Animal-Soundprepros,2,1,11025,28800,2.6122448979591835,4096
Donkey_7.wav,C:/Users/Admin/Desktop/Animal-Soundprepros,1,1,8000,20898,2.61225,4096
Donkey_8.wav,C:/Users/Admin/Desktop/Animal-Soundprepros,2,1,11025,11538,1.0465306122448979,4096
Donkey_9.wav,C:/Users/Admin/Desktop/Animal-Soundprepros,1,1,11127,30099,2.705041790239957,4096
Elephant_1.wav,C:/Users/Admin/Desktop/Animal-Soundprepros,1,1,11025,34276,3.108934240362812,4096
Elephant_10.wav,C:/Users/Admin/Desktop/Animal-Soundprepros,2,1,11025,34560,3.1346938775510202,4096
Elephant_11.wav,C:/Users/Admin/Desktop/Animal-Soundprepros,1,1,22050,21825,0.9897959183673469,4096
Elephant_12.wav,C:/Users/Admin/Desktop/Animal-Soundprepros,1,2,11025,26496,2.403265306122449,4096
Elephant_13.wav,C:/Users/Admin/Desktop/Animal-Soundprepros,2,1,11025,34560,3.1346938775510202,4096
Elephant_14.wav,C:/Users/Admin/Desktop/Animal-Soundprepros,1,1,22050,41969,1.9033560090702948,4096
Elephant_15.wav,C:/Users/Admin/Desktop/Animal-Soundprepros,1,1,22050,48640,2.2058956916099772,4096
Elephant_16.wav,C:/Users/Admin/Desktop/Animal-Soundprepros,1,1,22050,21824,0.989750566893424,4096
Elephant_17.wav,C:/Users/Admin/Desktop/Animal-Soundprepros,2,2,22050,88436,4.010702947845805,4096
Elephant_18.wav,C:/Users/Admin/Desktop/Animal-Soundprepros,2,2,22050,100196,4.544036281179138,4096
Elephant_19.wav,C:/Users/Admin/Desktop/Animal-Soundprepros,2,1,11025,39749,3.6053514739229024,4096
Elephant_2.wav,C:/Users/Admin/Desktop/Animal-Soundprepros,1,2,44100,93732,2.1254421768707483,4096
Elephant_20.wav,C:/Users/Admin/Desktop/Animal-Soundprepros,2,1,11025,35751,3.242721088435374,4096
Elephant_21.wav,C:/Users/Admin/Desktop/Animal-Soundprepros,1,1,16000,14629,0.9143125,4096
Elephant_22.wav,C:/Users/Admin/Desktop/Animal-Soundprepros,2,2,28800,79258,2.752013888888889,4096
Elephant_23.wav,C:/Users/Admin/Desktop/Animal-Soundprepros,1,1,11025,27742,2.516281179138322,4096
Elephant_24.wav,C:/Users/Admin/Desktop/Animal-Soundprepros,2,1,11025,79733,7.232018140589569,4096
Elephant_25.wav,C:/Users/Admin/Desktop/Animal-Soundprepros,2,2,28800,119808,4.16,4096
Elephant_26.wav,C:/Users/Admin/Desktop/Animal-Soundprepros,2,2,28800,116736,4.053333333333334,4096
Elephant_27.wav,C:/Users/Admin/Desktop/Animal-Soundprepros,2,2,28800,143770,4.992013888888889,4096
Elephant_28.wav,C:/Users/Admin/Desktop/Animal-Soundprepros,2,1,11025,26496,2.403265306122449,4096
Elephant_29.wav,C:/Users/Admin/Desktop/Animal-Soundprepros,2,2,28800,158515,5.503993055555555,4096
Elephant_3.wav,C:/Users/Admin/Desktop/Animal-Soundprepros,1,1,16000,44475,2.7796875,4096
Elephant_30.wav,C:/Users/Admin/Desktop/Animal-Soundprepros,2,2,28800,82330,2.8586805555555554,4096
Elephant_31.wav,C:/Users/Admin/Desktop/Animal-Soundprepros,2,1,11025,73618,6.677369614512472,4096
Elephant_32.wav,C:/Users/Admin/Desktop/Animal-Soundprepros,2,2,28800,88474,3.072013888888889,4096
Elephant_33.wav,C:/Users/Admin/Desktop/Animal-Soundprepros,2,1,11025,64916,5.888072562358277,4096
Elephant_34.wav,C:/Users/Admin/Desktop/Animal-Soundprepros,1,1,16000,39288,2.4555,4096
Elephant_35.wav,C:/Users/Admin/Desktop/Animal-Soundprepros,1,1,16000,21316,1.33225,4096
Elephant_36.wav,C:/Users/Admin/Desktop/Animal-Soundprepros,2,1,11025,70325,6.378684807256236,4096
Elephant_37.wav,C:/Users/Admin/Desktop/Animal-Soundprepros,1,1,16000,38034,2.377125,4096
Elephant_38.wav,C:/Users/Admin/Desktop/Animal-Soundprepros,1,1,11025,20085,1.8217687074829931,4096
Elephant_39.wav,C:/Users/Admin/Desktop/Animal-Soundprepros,1,1,11025,21825,1.9795918367346939,4096
Elephant_4.wav,C:/Users/Admin/Desktop/Animal-Soundprepros,2,1,11025,29952,2.716734693877551,4096
Elephant_40.wav,C:/Users/Admin/Desktop/Animal-Soundprepros,2,1,11025,26496,2.403265306122449,4096
Elephant_41.wav,C:/Users/Admin/Desktop/Animal-Soundprepros,1,2,44100,87300,1.9795918367346939,4096
Elephant_42.wav,C:/Users/Admin/Desktop/Animal-Soundprepros,1,1,11025,54392,4.933514739229025,4096
Elephant_43.wav,C:/Users/Admin/Desktop/Animal-Soundprepros,1,1,11000,16999,1.5453636363636363,4096
Elephant_44.wav,C:/Users/Admin/Desktop/Animal-Soundprepros,2,1,11025,40484,3.6720181405895693,4096
Elephant_45.wav,C:/Users/Admin/Desktop/Animal-Soundprepros,1,1,11025,11036,1.000997732426304,4096
Elephant_46.wav,C:/Users/Admin/Desktop/Animal-Soundprepros,1,2,11025,36091,3.273560090702948,4096
Elephant_47.wav,C:/Users/Admin/Desktop/Animal-Soundprepros,1,2,44100,90141,2.044013605442177,4096
Elephant_48.wav,C:/Users/Admin/Desktop/Animal-Soundprepros,1,2,44100,78002,1.7687528344671202,4096
Elephant_49.wav,C:/Users/Admin/Desktop/Animal-Soundprepros,1,2,44100,56835,1.2887755102040817,4096
Elephant_5.wav,C:/Users/Admin/Desktop/Animal-Soundprepros,1,1,16000,50159,3.1349375,4096
Elephant_50.wav,C:/Users/Admin/Desktop/Animal-Soundprepros,1,2,44100,93735,2.1255102040816327,4096
Elephant_6.wav,C:/Users/Admin/Desktop/Animal-Soundprepros,1,2,44100,43120,0.9777777777777777,4096
Elephant_7.wav,C:/Users/Admin/Desktop/Animal-Soundprepros,2,1,11025,34560,3.1346938775510202,4096
Elephant_8.wav,C:/Users/Admin/Desktop/Animal-Soundprepros,1,1,16000,20480,1.28,4096
Elephant_9.wav,C:/Users/Admin/Desktop/Animal-Soundprepros,1,2,10989,42857,3.8999908999909,4096
Frog_1.wav,C:/Users/Admin/Desktop/Animal-Soundprepros,1,1,11025,4840,0.43900226757369615,4096
Frog_10.wav,C:/Users/Admin/Desktop/Animal-Soundprepros,1,2,44100,74759,1.6952154195011337,4096
Frog_11.wav,C:/Users/Admin/Desktop/Animal-Soundprepros,1,1,11127,4534,0.407477307450346,4096
Frog_12.wav,C:/Users/Admin/Desktop/Animal-Soundprepros,1,1,22050,5859,0.26571428571428574,4096
Frog_13.wav,C:/Users/Admin/Desktop/Animal-Soundprepros,1,1,8000,2581,0.322625,4096
Frog_14.wav,C:/Users/Admin/Desktop/Animal-Soundprepros,1,1,11127,25837,2.3220095263772804,4096
Frog_15.wav,C:/Users/Admin/Desktop/Animal-Soundprepros,1,1,8000,79541,9.942625,4096
Frog_16.wav,C:/Users/Admin/Desktop/Animal-Soundprepros,1,2,22050,59968,2.7196371882086168,4096
Frog_17.wav,C:/Users/Admin/Desktop/Animal-Soundprepros,2,1,11025,36864,3.3436734693877552,4096
Frog_18.wav,C:/Users/Admin/Desktop/Animal-Soundprepros,1,2,22050,86916,3.9417687074829932,4096
Frog_19.wav,C:/Users/Admin/Desktop/Animal-Soundprepros,1,2,44100,17248,0.39111111111111113,4096
Frog_2.wav,C:/Users/Admin/Desktop/Animal-Soundprepros,1,1,11025,27560,2.4997732426303854,4096
Frog_20.wav,C:/Users/Admin/Desktop/Animal-Soundprepros,1,2,32000,25221,0.78815625,4096
Frog_21.wav,C:/Users/Admin/Desktop/Animal-Soundprepros,1,1,11000,12492,1.1356363636363636,4096
Frog_22.wav,C:/Users/Admin/Desktop/Animal-Soundprepros,1,1,11025,3856,0.34975056689342404,4096
Frog_23.wav,C:/Users/Admin/Desktop/Animal-Soundprepros,1,1,8000,79541,9.942625,4096
Frog_24.wav,C:/Users/Admin/Desktop/Animal-Soundprepros,1,1,11025,51396,4.661768707482993,4096
Frog_25.wav,C:/Users/Admin/Desktop/Animal-Soundprepros,1,2,22050,8808,0.39945578231292517,4096
Frog_26.wav,C:/Users/Admin/Desktop/Animal-Soundprepros,1,1,11025,35237,3.19609977324263,4096
Frog_27.wav,C:/Users/Admin/Desktop/Animal-Soundprepros,1,1,8000,32000,4.0,4096
Frog_28.wav,C:/Users/Admin/Desktop/Animal-Soundprepros,2,2,48000,162816,3.392,4096
Frog_29.wav,C:/Users/Admin/Desktop/Animal-Soundprepros,1,1,11025,94008,8.526802721088435,4096
Frog_3.wav,C:/Users/Admin/Desktop/Animal-Soundprepros,1,2,11025,38912,3.5294331065759637,4096
Frog_30.wav,C:/Users/Admin/Desktop/Animal-Soundprepros,1,1,11025,71656,6.499410430839002,4096
Frog_31.wav,C:/Users/Admin/Desktop/Animal-Soundprepros,1,1,11025,2445,0.2217687074829932,4096
Frog_32.wav,C:/Users/Admin/Desktop/Animal-Soundprepros,1,1,8000,35235,4.404375,4096
Frog_33.wav,C:/Users/Admin/Desktop/Animal-Soundprepros,1,1,11025,35474,3.2175963718820864,4096
Frog_34.wav,C:/Users/Admin/Desktop/Animal-Soundprepros,1,1,11000,12492,1.1356363636363636,4096
Frog_35.wav,C:/Users/Admin/Desktop/Animal-Soundprepros,2,1,11025,14195,1.2875283446712018,4096
Frog_36.wav,C:/Users/Admin/Desktop/Animal-Soundprepros,2,1,11025,14976,1.3583673469387756,4096
Frog_37.wav,C:/Users/Admin/Desktop/Animal-Soundprepros,1,1,16000,18170,1.135625,4096
Frog_38.wav,C:/Users/Admin/Desktop/Animal-Soundprepros,2,1,11025,14976,1.3583673469387756,4096
Frog_39.wav,C:/Users/Admin/Desktop/Animal-Soundprepros,1,1,11025,12492,1.133061224489796,4096
Frog_4.wav,C:/Users/Admin/Desktop/Animal-Soundprepros,2,2,44100,315848,7.162086167800454,4096
Frog_40.wav,C:/Users/Admin/Desktop/Animal-Soundprepros,2,2,48000,205824,4.288,4096
Frog_41.wav,C:/Users/Admin/Desktop/Animal-Soundprepros,1,1,11127,7880,0.7081872921721938,4096
Frog_42.wav,C:/Users/Admin/Desktop/Animal-Soundprepros,2,2,48000,163840,3.4133333333333336,4096
Frog_43.wav,C:/Users/Admin/Desktop/Animal-Soundprepros,2,2,48000,244736,5.0986666666666665,4096
Frog_44.wav,C:/Users/Admin/Desktop/Animal-Soundprepros,2,2,48000,117760,2.453333333333333,4096
Frog_45.wav,C:/Users/Admin/Desktop/Animal-Soundprepros,1,1,11025,68847,6.244625850340136,4096
Frog_46.wav,C:/Users/Admin/Desktop/Animal-Soundprepros,2,2,48000,183296,3.8186666666666667,4096
Frog_47.wav,C:/Users/Admin/Desktop/Animal-Soundprepros,2,1,11025,14976,1.3583673469387756,4096
Frog_48.wav,C:/Users/Admin/Desktop/Animal-Soundprepros,1,1,11025,3856,0.34975056689342404,4096
Frog_49.wav,C:/Users/Admin/Desktop/Animal-Soundprepros,1,1,11025,4840,0.43900226757369615,4096
Frog_5.wav,C:/Users/Admin/Desktop/Animal-Soundprepros,1,2,22050,106979,4.851655328798186,4096
Frog_50.wav,C:/Users/Admin/Desktop/Animal-Soundprepros,1,2,44100,163109,3.6986167800453513,4096
Frog_6.wav,C:/Users/Admin/Desktop/Animal-Soundprepros,1,1,22050,8896,0.4034467120181406,4096
Frog_7.wav,C:/Users/Admin/Desktop/Animal-Soundprepros,1,1,22050,9355,0.42426303854875286,4096
Frog_8.wav,C:/Users/Admin/Desktop/Animal-Soundprepros,1,1,22050,4891,0.2218140589569161,4096
Frog_9.wav,C:/Users/Admin/Desktop/Animal-Soundprepros,2,2,44100,16384,0.37151927437641724,4096
Horse_1.wav,C:/Users/Admin/Desktop/Animal-Soundprepros,2,1,16000,25783,1.6114375,4096
Horse_10.wav,C:/Users/Admin/Desktop/Animal-Soundprepros,2,1,11025,11054,1.0026303854875283,4096
Horse_11.wav,C:/Users/Admin/Desktop/Animal-Soundprepros,2,1,11025,11995,1.087981859410431,4096
Horse_12.wav,C:/Users/Admin/Desktop/Animal-Soundprepros,2,1,16000,19349,1.2093125,4096
Horse_13.wav,C:/Users/Admin/Desktop/Animal-Soundprepros,2,1,11025,11054,1.0026303854875283,4096
Horse_14.wav,C:/Users/Admin/Desktop/Animal-Soundprepros,2,1,11025,11054,1.0026303854875283,4096
Horse_15.wav,C:/Users/Admin/Desktop/Animal-Soundprepros,2,1,11025,11054,1.0026303854875283,4096
Horse_16.wav,C:/Users/Admin/Desktop/Animal-Soundprepros,1,3,48000,32974,0.6869583333333333,4096
Horse_17.wav,C:/Users/Admin/Desktop/Animal-Soundprepros,2,1,11025,11054,1.0026303854875283,4096
Horse_18.wav,C:/Users/Admin/Desktop/Animal-Soundprepros,2,1,11025,11054,1.0026303854875283,4096
Horse_19.wav,C:/Users/Admin/Desktop/Animal-Soundprepros,2,1,11025,21874,1.9840362811791383,4096
Horse_2.wav,C:/Users/Admin/Desktop/Animal-Soundprepros,2,1,11025,20698,1.8773696145124716,4096
Horse_20.wav,C:/Users/Admin/Desktop/Animal-Soundprepros,2,1,11025,30576,2.7733333333333334,4096
Horse_21.wav,C:/Users/Admin/Desktop/Animal-Soundprepros,2,1,16000,47233,2.9520625,4096
Horse_22.wav,C:/Users/Admin/Desktop/Animal-Soundprepros,2,1,11025,28459,2.581315192743764,4096
Horse_23.wav,C:/Users/Admin/Desktop/Animal-Soundprepros,2,1,16000,32768,2.048,4096
Horse_24.wav,C:/Users/Admin/Desktop/Animal-Soundprepros,2,1,11025,19522,1.770702947845805,4096
Horse_25.wav,C:/Users/Admin/Desktop/Animal-Soundprepros,2,1,11025,29165,2.6453514739229025,4096
Horse_26.wav,C:/Users/Admin/Desktop/Animal-Soundprepros,2,1,16000,24242,1.515125,4096
Horse_27.wav,C:/Users/Admin/Desktop/Animal-Soundprepros,2,1,16000,23637,1.4773125,4096
Horse_28.wav,C:/Users/Admin/Desktop/Animal-Soundprepros,2,1,11025,42336,3.84,4096
Horse_29.wav,C:/Users/Admin/Desktop/Animal-Soundprepros,2,1,16000,22187,1.3866875,4096
Horse_3.wav,C:/Users/Admin/Desktop/Animal-Soundprepros,2,1,11025,20227,1.8346485260770975,4096
Horse_30.wav,C:/Users/Admin/Desktop/Animal-Soundprepros,2,1,16000,40277,2.5173125,4096
Horse_31.wav,C:/Users/Admin/Desktop/Animal-Soundprepros,2,1,16000,39696,2.481,4096
Horse_32.wav,C:/Users/Admin/Desktop/Animal-Soundprepros,2,1,16000,47904,2.994,4096
Horse_33.wav,C:/Users/Admin/Desktop/Animal-Soundprepros,2,2,48000,49152,1.024,4096
Horse_34.wav,C:/Users/Admin/Desktop/Animal-Soundprepros,2,2,44100,34817,0.789501133786848,4096
Horse_35.wav,C:/Users/Admin/Desktop/Animal-Soundprepros,2,1,16000,28416,1.776,4096
Horse_36.wav,C:/Users/Admin/Desktop/Animal-Soundprepros,2,1,11025,39278,3.5626303854875285,4096
Horse_37.wav,C:/Users/Admin/Desktop/Animal-Soundprepros,1,1,16000,49415,3.0884375,4096
Horse_38.wav,C:/Users/Admin/Desktop/Animal-Soundprepros,1,1,16000,26294,1.643375,4096
Horse_39.wav,C:/Users/Admin/Desktop/Animal-Soundprepros,1,1,16000,29299,1.8311875,4096
Horse_4.wav,C:/Users/Admin/Desktop/Animal-Soundprepros,1,1,16000,25164,1.57275,4096
Horse_40.wav,C:/Users/Admin/Desktop/Animal-Soundprepros,2,2,44100,14302,0.32430839002267575,4096
Horse_41.wav,C:/Users/Admin/Desktop/Animal-Soundprepros,1,3,48000,53054,1.1052916666666666,4096
Horse_42.wav,C:/Users/Admin/Desktop/Animal-Soundprepros,2,2,44100,39821,0.9029705215419501,4096
Horse_43.wav,C:/Users/Admin/Desktop/Animal-Soundprepros,2,1,16000,47648,2.978,4096
Horse_44.wav,C:/Users/Admin/Desktop/Animal-Soundprepros,2,1,16000,27930,1.745625,4096
Horse_45.wav,C:/Users/Admin/Desktop/Animal-Soundprepros,2,2,48000,183296,3.8186666666666667,4096
Horse_46.wav,C:/Users/Admin/Desktop/Animal-Soundprepros,2,1,16000,35132,2.19575,4096
Horse_47.wav,C:/Users/Admin/Desktop/Animal-Soundprepros,2,1,11025,41631,3.7760544217687073,4096
Horse_48.wav,C:/Users/Admin/Desktop/Animal-Soundprepros,2,1,11025,25167,2.282721088435374,4096
Horse_49.wav,C:/Users/Admin/Desktop/Animal-Soundprepros,2,1,11025,19051,1.7279818594104308,4096
Horse_5.wav,C:/Users/Admin/Desktop/Animal-Soundprepros,2,1,11025,16934,1.5359637188208617,4096
Horse_50.wav,C:/Users/Admin/Desktop/Animal-Soundprepros,2,1,11025,24226,2.1973696145124717,4096
Horse_6.wav,C:/Users/Admin/Desktop/Animal-Soundprepros,2,1,11025,19522,1.770702947845805,4096
Horse_7.wav,C:/Users/Admin/Desktop/Animal-Soundprepros,2,1,11025,11290,1.0240362811791384,4096
Horse_8.wav,C:/Users/Admin/Desktop/Animal-Soundprepros,2,2,44100,22028,0.4995011337868481,4096
Horse_9.wav,C:/Users/Admin/Desktop/Animal-Soundprepros,2,1,11025,12701,1.152018140589569,4096
Monkey_1.wav,C:/Users/Admin/Desktop/Animal-Soundprepros,2,2,48000,207872,4.330666666666667,4096
Monkey_10.wav,C:/Users/Admin/Desktop/Animal-Soundprepros,1,1,11025,85996,7.800090702947846,4096
Monkey_11.wav,C:/Users/Admin/Desktop/Animal-Soundprepros,1,1,8000,1572,0.1965,4096
Monkey_12.wav,C:/Users/Admin/Desktop/Animal-Soundprepros,1,1,11025,54730,4.964172335600907,4096
Monkey_13.wav,C:/Users/Admin/Desktop/Animal-Soundprepros,1,2,22050,19739,0.8951927437641723,4096
Monkey_14.wav,C:/Users/Admin/Desktop/Animal-Soundprepros,1,1,22050,187126,8.486439909297053,4096
Monkey_15.wav,C:/Users/Admin/Desktop/Animal-Soundprepros,2,1,11025,13824,1.253877551020408,4096
Monkey_16.wav,C:/Users/Admin/Desktop/Animal-Soundprepros,1,2,11025,98218,8.908662131519275,4096
Monkey_17.wav,C:/Users/Admin/Desktop/Animal-Soundprepros,1,1,22255,25091,1.1274320377443272,4096
Monkey_18.wav,C:/Users/Admin/Desktop/Animal-Soundprepros,2,1,11025,29952,2.716734693877551,4096
Monkey_19.wav,C:/Users/Admin/Desktop/Animal-Soundprepros,1,2,44100,317366,7.1965079365079365,4096
Monkey_2.wav,C:/Users/Admin/Desktop/Animal-Soundprepros,1,1,22050,187126,8.486439909297053,4096
Monkey_20.wav,C:/Users/Admin/Desktop/Animal-Soundprepros,1,1,22050,109995,4.98843537414966,4096
Monkey_21.wav,C:/Users/Admin/Desktop/Animal-Soundprepros,1,1,22050,219013,9.932562358276645,4096
Monkey_22.wav,C:/Users/Admin/Desktop/Animal-Soundprepros,2,1,11025,33408,3.030204081632653,4096
Monkey_23.wav,C:/Users/Admin/Desktop/Animal-Soundprepros,1,1,8000,13570,1.69625,4096
Monkey_24.wav,C:/Users/Admin/Desktop/Animal-Soundprepros,2,2,44100,187776,4.25795918367347,4096
Monkey_25.wav,C:/Users/Admin/Desktop/Animal-Soundprepros,1,1,22050,46009,2.086575963718821,4096
Monkey_26.wav,C:/Users/Admin/Desktop/Animal-Soundprepros,1,1,11025,77248,7.006621315192744,4096
Monkey_27.wav,C:/Users/Admin/Desktop/Animal-Soundprepros,2,2,48000,150528,3.136,4096
Monkey_28.wav,C:/Users/Admin/Desktop/Animal-Soundprepros,1,1,11025,63550,5.764172335600907,4096
Monkey_29.wav,C:/Users/Admin/Desktop/Animal-Soundprepros,2,2,48000,201728,4.2026666666666666,4096
Monkey_3.wav,C:/Users/Admin/Desktop/Animal-Soundprepros,1,2,44100,203952,4.624761904761905,4096
Monkey_30.wav,C:/Users/Admin/Desktop/Animal-Soundprepros,2,2,48000,164864,3.4346666666666668,4096
Monkey_31.wav,C:/Users/Admin/Desktop/Animal-Soundprepros,2,2,48000,160768,3.3493333333333335,4096
Monkey_32.wav,C:/Users/Admin/Desktop/Animal-Soundprepros,2,2,48000,177152,3.6906666666666665,4096
Monkey_33.wav,C:/Users/Admin/Desktop/Animal-Soundprepros,2,2,48000,174080,3.6266666666666665,4096
Monkey_34.wav,C:/Users/Admin/Desktop/Animal-Soundprepros,1,1,11025,22136,2.007800453514739,4096
Monkey_35.wav,C:/Users/Admin/Desktop/Animal-Soundprepros,1,1,8000,13570,1.69625,4096
Monkey_36.wav,C:/Users/Admin/Desktop/Animal-Soundprepros,2,2,48000,174080,3.6266666666666665,4096
Monkey_37.wav,C:/Users/Admin/Desktop/Animal-Soundprepros,1,1,11025,77248,7.006621315192744,4096
Monkey_38.wav,C:/Users/Admin/Desktop/Animal-Soundprepros,1,2,44100,127003,2.8798866213151926,4096
Monkey_39.wav,C:/Users/Admin/Desktop/Animal-Soundprepros,1,1,11025,85996,7.800090702947846,4096
Monkey_4.wav,C:/Users/Admin/Desktop/Animal-Soundprepros,1,1,11025,85996,7.800090702947846,4096
Monkey_40.wav,C:/Users/Admin/Desktop/Animal-Soundprepros,2,2,44100,75183,1.704829931972789,4096
Monkey_41.wav,C:/Users/Admin/Desktop/Animal-Soundprepros,1,2,11025,98218,8.908662131519275,4096
Monkey_42.wav,C:/Users/Admin/Desktop/Animal-Soundprepros,1,1,11025,22136,2.007800453514739,4096
Monkey_43.wav,C:/Users/Admin/Desktop/Animal-Soundprepros,2,2,44100,118994,2.69827664399093,4096
Monkey_44.wav,C:/Users/Admin/Desktop/Animal-Soundprepros,2,2,44100,131375,2.9790249433106575,4096
Monkey_45.wav,C:/Users/Admin/Desktop/Animal-Soundprepros,1,2,44100,62192,1.410249433106576,4096
Monkey_46.wav,C:/Users/Admin/Desktop/Animal-Soundprepros,2,2,44100,99119,2.247596371882086,4096
Monkey_47.wav,C:/Users/Admin/Desktop/Animal-Soundprepros,2,1,11025,13824,1.253877551020408,4096
Monkey_48.wav,C:/Users/Admin/Desktop/Animal-Soundprepros,1,2,44100,127003,2.8798866213151926,4096
Monkey_49.wav,C:/Users/Admin/Desktop/Animal-Soundprepros,1,2,20000,35588,1.7794,4096
Monkey_5.wav,C:/Users/Admin/Desktop/Animal-Soundprepros,2,1,11025,33408,3.030204081632653,4096
Monkey_50.wav,C:/Users/Admin/Desktop/Animal-Soundprepros,2,1,11025,29952,2.716734693877551,4096
Monkey_6.wav,C:/Users/Admin/Desktop/Animal-Soundprepros,1,2,44100,317366,7.1965079365079365,4096
Monkey_7.wav,C:/Users/Admin/Desktop/Animal-Soundprepros,1,1,8000,23039,2.879875,4096
Monkey_8.wav,C:/Users/Admin/Desktop/Animal-Soundprepros,1,2,8000,23041,2.880125,4096
Monkey_9.wav,C:/Users/Admin/Desktop/Animal-Soundprepros,1,2,11025,98218,8.908662131519275,4096
Sheep_1.wav,C:/Users/Admin/Desktop/Animal-Soundprepros,1,1,22050,13787,0.6252607709750567,4096
Sheep_10.wav,C:/Users/Admin/Desktop/Animal-Soundprepros,1,1,22050,24755,1.1226757369614513,4096
Sheep_11.wav,C:/Users/Admin/Desktop/Animal-Soundprepros,1,1,8000,8155,1.019375,4096
Sheep_12.wav,C:/Users/Admin/Desktop/Animal-Soundprepros,1,1,11025,34558,3.134512471655329,4096
Sheep_13.wav,C:/Users/Admin/Desktop/Animal-Soundprepros,1,1,22050,24755,1.1226757369614513,4096
Sheep_14.wav,C:/Users/Admin/Desktop/Animal-Soundprepros,1,1,22050,21856,0.9912018140589569,4096
Sheep_15.wav,C:/Users/Admin/Desktop/Animal-Soundprepros,1,2,8000,17777,2.222125,4096
Sheep_16.wav,C:/Users/Admin/Desktop/Animal-Soundprepros,1,1,44100,48856,1.1078458049886621,4096
Sheep_17.wav,C:/Users/Admin/Desktop/Animal-Soundprepros,1,2,21276,26498,1.2454408723444257,4096
Sheep_18.wav,C:/Users/Admin/Desktop/Animal-Soundprepros,1,2,11025,36186,3.2821768707482994,4096
Sheep_19.wav,C:/Users/Admin/Desktop/Animal-Soundprepros,1,1,8000,4628,0.5785,4096
Sheep_2.wav,C:/Users/Admin/Desktop/Animal-Soundprepros,1,1,11025,57276,5.195102040816327,4096
Sheep_20.wav,C:/Users/Admin/Desktop/Animal-Soundprepros,1,1,11025,62648,5.682358276643991,4096
Sheep_21.wav,C:/Users/Admin/Desktop/Animal-Soundprepros,2,2,44100,86460,1.9605442176870749,4096
Sheep_22.wav,C:/Users/Admin/Desktop/Animal-Soundprepros,1,2,11025,36186,3.2821768707482994,4096
Sheep_23.wav,C:/Users/Admin/Desktop/Animal-Soundprepros,1,2,11025,7808,0.7082086167800453,4096
Sheep_24.wav,C:/Users/Admin/Desktop/Animal-Soundprepros,1,1,16393,8360,0.5099737692917709,4096
Sheep_25.wav,C:/Users/Admin/Desktop/Animal-Soundprepros,2,2,48000,154624,3.2213333333333334,4096
Sheep_26.wav,C:/Users/Admin/Desktop/Animal-Soundprepros,2,2,48000,107520,2.24,4096
Sheep_27.wav,C:/Users/Admin/Desktop/Animal-Soundprepros,2,2,48000,140288,2.9226666666666667,4096
Sheep_28.wav,C:/Users/Admin/Desktop/Animal-Soundprepros,1,1,8000,6024,0.753,4096
Sheep_29.wav,C:/Users/Admin/Desktop/Animal-Soundprepros,2,2,48000,189440,3.9466666666666668,4096
Sheep_3.wav,C:/Users/Admin/Desktop/Animal-Soundprepros,1,1,11025,9219,0.8361904761904762,4096
Sheep_30.wav,C:/Users/Admin/Desktop/Animal-Soundprepros,2,2,48000,181248,3.776,4096
Sheep_31.wav,C:/Users/Admin/Desktop/Animal-Soundprepros,2,2,48000,227328,4.736,4096
Sheep_32.wav,C:/Users/Admin/Desktop/Animal-Soundprepros,1,1,22050,23441,1.0630839002267574,4096
Sheep_33.wav,C:/Users/Admin/Desktop/Animal-Soundprepros,1,1,22050,24755,1.1226757369614513,4096
Sheep_34.wav,C:/Users/Admin/Desktop/Animal-Soundprepros,1,1,11025,12519,1.1355102040816327,4096
Sheep_35.wav,C:/Users/Admin/Desktop/Animal-Soundprepros,1,1,8000,17515,2.189375,4096
Sheep_36.wav,C:/Users/Admin/Desktop/Animal-Soundprepros,1,1,22050,15754,0.7144671201814059,4096
Sheep_37.wav,C:/Users/Admin/Desktop/Animal-Soundprepros,2,2,44100,57345,1.3003401360544218,4096
Sheep_38.wav,C:/Users/Admin/Desktop/Animal-Soundprepros,2,2,44100,256512,5.8165986394557825,4096
Sheep_39.wav,C:/Users/Admin/Desktop/Animal-Soundprepros,1,2,11025,13375,1.2131519274376417,4096
Sheep_4.wav,C:/Users/Admin/Desktop/Animal-Soundprepros,1,2,11025,11616,1.0536054421768708,4096
Sheep_40.wav,C:/Users/Admin/Desktop/Animal-Soundprepros,1,2,11025,12880,1.1682539682539683,4096
Sheep_41.wav,C:/Users/Admin/Desktop/Animal-Soundprepros,1,1,11025,5016,0.4549659863945578,4096
Sheep_42.wav,C:/Users/Admin/Desktop/Animal-Soundprepros,2,1,11025,13759,1.2479818594104308,4096
Sheep_43.wav,C:/Users/Admin/Desktop/Animal-Soundprepros,1,2,11025,11616,1.0536054421768708,4096
Sheep_44.wav,C:/Users/Admin/Desktop/Animal-Soundprepros,1,1,22050,28632,1.2985034013605443,4096
Sheep_45.wav,C:/Users/Admin/Desktop/Animal-Soundprepros,1,1,22050,23441,1.0630839002267574,4096
Sheep_46.wav,C:/Users/Admin/Desktop/Animal-Soundprepros,1,1,8000,66602,8.32525,4096
Sheep_47.wav,C:/Users/Admin/Desktop/Animal-Soundprepros,1,1,22050,23441,1.0630839002267574,4096
Sheep_48.wav,C:/Users/Admin/Desktop/Animal-Soundprepros,1,1,11025,35468,3.2170521541950112,4096
Sheep_49.wav,C:/Users/Admin/Desktop/Animal-Soundprepros,1,1,11025,29504,2.6760997732426306,4096
Sheep_5.wav,C:/Users/Admin/Desktop/Animal-Soundprepros,1,1,11025,16880,1.5310657596371882,4096
Sheep_50.wav,C:/Users/Admin/Desktop/Animal-Soundprepros,1,1,11025,96088,8.71546485260771,4096
Sheep_6.wav,C:/Users/Admin/Desktop/Animal-Soundprepros,1,1,11025,14553,1.32,4096
Sheep_7.wav,C:/Users/Admin/Desktop/Animal-Soundprepros,1,1,22255,185344,8.328195911031228,4096
Sheep_8.wav,C:/Users/Admin/Desktop/Animal-Soundprepros,1,1,8000,8155,1.019375,4096
Sheep_9.wav,C:/Users/Admin/Desktop/Animal-Soundprepros,1,1,11025,47188,4.280090702947846,4096
